case_id,year,month,age,gender,division,relation_to_accused,mode_of_abduction,outcome,age_group,cluster,high_risk
C0001,2026,8,10,Female,Dhaka,Family friend/acquaintance,Ransom abduction,Rescued/Recovered,10-13,0,0
C0002,2024,12,6,Female,Dhaka,Stranger,Taken from home,Rescued/Recovered,6-9,0,0
C0003,2025,6,11,Female,Rajshahi,Stranger,Taken from public place,Rescued/Recovered,10-13,2,0
C0004,2025,7,12,Female,Dhaka,Stranger,Lured/deceived,Deceased,10-13,0,1
C0005,2025,5,3,Female,Dhaka,Neighbor,Lured/deceived,Rescued/Recovered,0-5,0,0
C0006,2024,11,5,Male,Mymensingh,Relative,Lured/deceived,Deceased,0-5,3,1
C0007,2024,6,9,Female,Mymensingh,Relative,Ransom abduction,Deceased,6-9,0,1
C0008,2026,8,8,Female,Barishal,Neighbor,Taken from public place,Still missing,6-9,1,1
C0009,2025,6,9,Female,Dhaka,Neighbor,Taken from home,Rescued/Recovered,6-9,1,0
C0010,2024,6,6,Female,Rajshahi,Relative,Ransom abduction,Rescued/Recovered,6-9,2,0
C0011,2024,8,12,Female,Khulna,Neighbor,Lured/deceived,Rescued/Recovered,10-13,0,0
C0012,2025,6,11,Female,Dhaka,Family friend/acquaintance,Lured/deceived,Still missing,10-13,0,1
C0013,2024,11,9,Female,Rajshahi,Stranger,Lured/deceived,Rescued/Recovered,6-9,0,0
C0014,2026,6,13,Female,Dhaka,Neighbor,Trafficking suspected,Deceased,10-13,1,1
C0015,2026,7,10,Male,Dhaka,Relative,Taken from public place,Rescued/Recovered,10-13,3,0
C0016,2024,6,6,Male,Chattogram,Stranger,Taken from public place,Still missing,6-9,3,1
C0017,2025,6,10,Female,Dhaka,Stranger,Lured/deceived,Rescued/Recovered,10-13,0,0
C0018,2024,6,6,Female,Dhaka,Stranger,Lured/deceived,Rescued/Recovered,6-9,0,0
C0019,2025,3,12,Male,Sylhet,Relative,Taken from public place,Rescued/Recovered,10-13,2,0
C0020,2026,2,9,Female,Mymensingh,Stranger,Taken from home,Rescued/Recovered,6-9,1,0
C0021,2025,7,8,Male,Chattogram,Neighbor,Trafficking suspected,Rescued/Recovered,6-9,3,0
C0022,2026,7,7,Male,Sylhet,Relative,Ransom abduction,Rescued/Recovered,6-9,2,0
C0023,2024,7,13,Male,Mymensingh,Neighbor,Taken from home,Rescued/Recovered,10-13,3,0
C0024,2025,1,9,Male,Dhaka,Relative,Ransom abduction,Rescued/Recovered,6-9,3,0
C0025,2025,5,8,Female,Chattogram,Relative,Trafficking suspected,Rescued/Recovered,6-9,1,0
C0026,2025,4,8,Female,Dhaka,Neighbor,Taken from home,Deceased,6-9,1,1
C0027,2026,9,11,Female,Dhaka,Stranger,Taken from public place,Rescued/Recovered,10-13,1,0
C0028,2024,10,10,Female,Khulna,Relative,Trafficking suspected,Rescued/Recovered,10-13,1,0
C0029,2026,4,10,Female,Chattogram,Neighbor,Lured/deceived,Rescued/Recovered,10-13,0,0
C0030,2026,7,10,Male,Chattogram,Neighbor,Ransom abduction,Rescued/Recovered,10-13,3,0
C0031,2025,3,16,Female,Dhaka,Relative,Lured/deceived,Rescued/Recovered,14-17,0,0
C0032,2025,5,8,Female,Dhaka,Relative,Taken from public place,Rescued/Recovered,6-9,1,0
C0033,2025,3,7,Male,Rangpur,Relative,Ransom abduction,Deceased,6-9,2,1
C0034,2025,5,6,Female,Dhaka,Neighbor,Taken from public place,Rescued/Recovered,6-9,1,0
C0035,2026,7,11,Female,Dhaka,Stranger,Taken from home,Still missing,10-13,1,1
C0036,2025,11,13,Male,Dhaka,Domestic worker/employer,Taken from public place,Rescued/Recovered,10-13,3,0
C0037,2026,4,9,Female,Chattogram,Relative,Lured/deceived,Rescued/Recovered,6-9,0,0
C0038,2026,6,6,Female,Chattogram,Family friend/acquaintance,Lured/deceived,Rescued/Recovered,6-9,0,0
C0039,2025,8,6,Female,Chattogram,Stranger,Lured/deceived,Rescued/Recovered,6-9,0,0
C0040,2026,12,11,Male,Dhaka,Domestic worker/employer,Taken from public place,Rescued/Recovered,10-13,3,0
C0041,2025,7,11,Female,Dhaka,Family friend/acquaintance,Taken from home,Rescued/Recovered,10-13,1,0
C0042,2026,5,11,Female,Sylhet,Stranger,Lured/deceived,Still missing,10-13,2,1
C0043,2024,7,7,Female,Rajshahi,Domestic worker/employer,Ransom abduction,Rescued/Recovered,6-9,2,0
C0044,2026,5,10,Female,Rajshahi,Stranger,Taken from home,Rescued/Recovered,10-13,2,0
C0045,2026,12,9,Male,Rajshahi,Relative,Taken from home,Rescued/Recovered,6-9,3,0
C0046,2026,6,10,Female,Khulna,Neighbor,Taken from home,Rescued/Recovered,10-13,1,0
C0047,2025,7,12,Male,Dhaka,Neighbor,Lured/deceived,Rescued/Recovered,10-13,3,0
C0048,2026,1,10,Female,Dhaka,Relative,Taken from public place,Rescued/Recovered,10-13,1,0
C0049,2025,6,11,Female,Chattogram,Relative,Taken from home,Deceased,10-13,1,1
C0050,2026,10,9,Male,Dhaka,Relative,Lured/deceived,Rescued/Recovered,6-9,3,0
C0051,2024,7,10,Female,Sylhet,Family friend/acquaintance,Trafficking suspected,Rescued/Recovered,10-13,2,0
C0052,2025,6,11,Female,Chattogram,Family friend/acquaintance,Ransom abduction,Still missing,10-13,0,1
C0053,2025,11,4,Male,Khulna,Stranger,Taken from public place,Still missing,0-5,3,1
C0054,2025,10,8,Female,Sylhet,Neighbor,Ransom abduction,Rescued/Recovered,6-9,2,0
C0055,2025,5,7,Female,Chattogram,Neighbor,Trafficking suspected,Rescued/Recovered,6-9,1,0
C0056,2026,6,7,Male,Rangpur,Stranger,Taken from home,Still missing,6-9,2,1
C0057,2025,6,8,Female,Chattogram,Stranger,Taken from public place,Still missing,6-9,1,1
C0058,2026,7,14,Female,Sylhet,Domestic worker/employer,Taken from public place,Rescued/Recovered,14-17,2,0
C0059,2024,6,6,Female,Dhaka,Stranger,Lured/deceived,Deceased,6-9,0,1
C0060,2026,4,12,Female,Chattogram,Stranger,Lured/deceived,Rescued/Recovered,10-13,0,0
C0061,2026,11,4,Female,Chattogram,Relative,Lured/deceived,Still missing,0-5,0,1
C0062,2025,11,8,Male,Dhaka,Relative,Taken from public place,Rescued/Recovered,6-9,3,0
C0063,2026,10,10,Female,Dhaka,Neighbor,Ransom abduction,Rescued/Recovered,10-13,0,0
C0064,2026,12,11,Male,Rangpur,Family friend/acquaintance,Ransom abduction,Rescued/Recovered,10-13,2,0
C0065,2026,8,11,Female,Rajshahi,Domestic worker/employer,Lured/deceived,Rescued/Recovered,10-13,2,0
C0066,2025,8,12,Female,Dhaka,Relative,Lured/deceived,Rescued/Recovered,10-13,0,0
C0067,2025,8,8,Female,Dhaka,Family friend/acquaintance,Taken from home,Rescued/Recovered,6-9,1,0
C0068,2026,6,8,Male,Dhaka,Neighbor,Taken from public place,Rescued/Recovered,6-9,3,0
C0069,2025,6,12,Female,Dhaka,Neighbor,Trafficking suspected,Rescued/Recovered,10-13,1,0
C0070,2026,4,8,Female,Rangpur,Neighbor,Ransom abduction,Still missing,6-9,2,1
C0071,2025,7,5,Male,Chattogram,Neighbor,Trafficking suspected,Still missing,0-5,3,1
C0072,2026,5,5,Female,Dhaka,Domestic worker/employer,Ransom abduction,Rescued/Recovered,0-5,0,0
C0073,2024,5,6,Female,Chattogram,Relative,Trafficking suspected,Rescued/Recovered,6-9,1,0
C0074,2024,6,11,Male,Dhaka,Stranger,Taken from home,Rescued/Recovered,10-13,3,0
C0075,2026,6,9,Female,Dhaka,Family friend/acquaintance,Lured/deceived,Deceased,6-9,0,1
C0076,2026,4,11,Female,Khulna,Neighbor,Lured/deceived,Rescued/Recovered,10-13,0,0
C0077,2026,9,8,Female,Rajshahi,Neighbor,Taken from home,Rescued/Recovered,6-9,2,0
C0078,2026,10,10,Female,Mymensingh,Stranger,Lured/deceived,Deceased,10-13,0,1
C0079,2025,3,11,Female,Rajshahi,Neighbor,Lured/deceived,Deceased,10-13,2,1
C0080,2025,1,8,Male,Chattogram,Domestic worker/employer,Trafficking suspected,Rescued/Recovered,6-9,3,0
C0081,2024,6,10,Female,Khulna,Neighbor,Lured/deceived,Rescued/Recovered,10-13,0,0
C0082,2025,9,7,Male,Rangpur,Family friend/acquaintance,Trafficking suspected,Rescued/Recovered,6-9,2,0
C0083,2024,10,8,Male,Khulna,Stranger,Ransom abduction,Still missing,6-9,3,1
C0084,2026,3,8,Female,Mymensingh,Neighbor,Taken from public place,Rescued/Recovered,6-9,1,0
C0085,2024,9,5,Male,Barishal,Neighbor,Taken from public place,Rescued/Recovered,0-5,3,0
C0086,2024,2,11,Male,Sylhet,Domestic worker/employer,Taken from home,Rescued/Recovered,10-13,2,0
C0087,2024,6,7,Male,Dhaka,Neighbor,Taken from public place,Rescued/Recovered,6-9,3,0
C0088,2024,12,9,Female,Khulna,Relative,Lured/deceived,Rescued/Recovered,6-9,0,0
C0089,2024,4,11,Female,Chattogram,Relative,Trafficking suspected,Rescued/Recovered,10-13,1,0
C0090,2026,3,10,Female,Chattogram,Neighbor,Lured/deceived,Still missing,10-13,0,1
C0091,2025,6,11,Female,Rajshahi,Stranger,Lured/deceived,Still missing,10-13,2,1
C0092,2026,7,9,Female,Mymensingh,Stranger,Taken from public place,Rescued/Recovered,6-9,1,0
C0093,2026,11,8,Female,Mymensingh,Relative,Taken from public place,Still missing,6-9,1,1
C0094,2026,12,9,Female,Dhaka,Stranger,Taken from home,Rescued/Recovered,6-9,0,0
C0095,2026,2,4,Male,Khulna,Neighbor,Taken from public place,Rescued/Recovered,0-5,3,0
C0096,2025,3,4,Female,Khulna,Neighbor,Lured/deceived,Rescued/Recovered,0-5,0,0
C0097,2024,9,5,Female,Dhaka,Family friend/acquaintance,Taken from public place,Still missing,0-5,1,1
C0098,2025,5,6,Female,Dhaka,Domestic worker/employer,Lured/deceived,Still missing,6-9,0,1
C0099,2026,10,10,Female,Dhaka,Neighbor,Lured/deceived,Deceased,10-13,0,1
C0100,2026,7,6,Female,Barishal,Neighbor,Lured/deceived,Still missing,6-9,0,1
C0101,2025,2,8,Female,Chattogram,Relative,Taken from home,Deceased,6-9,1,1
C0102,2025,10,13,Female,Mymensingh,Stranger,Taken from home,Rescued/Recovered,10-13,0,0
C0103,2026,3,8,Female,Chattogram,Neighbor,Taken from home,Deceased,6-9,1,1
C0104,2026,6,11,Female,Mymensingh,Relative,Lured/deceived,Rescued/Recovered,10-13,0,0
C0105,2025,6,6,Female,Chattogram,Stranger,Lured/deceived,Rescued/Recovered,6-9,0,0
C0106,2026,6,8,Female,Barishal,Relative,Taken from public place,Rescued/Recovered,6-9,1,0
C0107,2026,7,6,Female,Dhaka,Neighbor,Lured/deceived,Rescued/Recovered,6-9,0,0
C0108,2026,7,8,Female,Chattogram,Neighbor,Taken from public place,Rescued/Recovered,6-9,1,0
C0109,2024,12,12,Female,Barishal,Relative,Trafficking suspected,Rescued/Recovered,10-13,1,0
C0110,2024,12,3,Female,Rangpur,Relative,Taken from home,Rescued/Recovered,0-5,2,0
C0111,2026,6,10,Male,Barishal,Stranger,Trafficking suspected,Rescued/Recovered,10-13,3,0
C0112,2025,2,10,Male,Dhaka,Family friend/acquaintance,Lured/deceived,Still missing,10-13,3,1
C0113,2025,8,7,Male,Dhaka,Family friend/acquaintance,Lured/deceived,Rescued/Recovered,6-9,3,0
C0114,2025,12,4,Female,Dhaka,Domestic worker/employer,Taken from public place,Rescued/Recovered,0-5,1,0
C0115,2024,5,9,Female,Dhaka,Relative,Ransom abduction,Rescued/Recovered,6-9,0,0
C0116,2026,6,7,Female,Rajshahi,Relative,Ransom abduction,Rescued/Recovered,6-9,2,0
C0117,2024,6,10,Male,Khulna,Domestic worker/employer,Lured/deceived,Rescued/Recovered,10-13,3,0
C0118,2026,1,9,Male,Barishal,Neighbor,Ransom abduction,Still missing,6-9,3,1
C0119,2025,7,14,Male,Sylhet,Stranger,Taken from home,Rescued/Recovered,14-17,2,0
C0120,2025,6,8,Male,Khulna,Stranger,Lured/deceived,Still missing,6-9,3,1
C0121,2024,9,6,Female,Barishal,Neighbor,Lured/deceived,Still missing,6-9,0,1
C0122,2026,10,10,Male,Dhaka,Relative,Trafficking suspected,Rescued/Recovered,10-13,3,0
C0123,2024,9,10,Male,Dhaka,Neighbor,Lured/deceived,Still missing,10-13,3,1
C0124,2024,6,13,Female,Rajshahi,Neighbor,Ransom abduction,Rescued/Recovered,10-13,2,0
C0125,2026,5,12,Male,Sylhet,Relative,Taken from public place,Still missing,10-13,2,1
C0126,2025,8,10,Female,Dhaka,Neighbor,Taken from public place,Still missing,10-13,1,1
C0127,2025,9,14,Male,Chattogram,Stranger,Taken from public place,Still missing,14-17,3,1
C0128,2024,6,5,Male,Rajshahi,Domestic worker/employer,Ransom abduction,Rescued/Recovered,0-5,3,0
C0129,2026,11,7,Female,Dhaka,Stranger,Lured/deceived,Still missing,6-9,0,1
C0130,2025,3,6,Male,Chattogram,Neighbor,Lured/deceived,Deceased,6-9,3,1
C0131,2024,10,8,Female,Rangpur,Neighbor,Taken from public place,Rescued/Recovered,6-9,2,0
C0132,2025,2,5,Male,Rajshahi,Neighbor,Taken from home,Still missing,0-5,3,1
C0133,2024,3,11,Male,Dhaka,Neighbor,Lured/deceived,Still missing,10-13,3,1
C0134,2025,6,8,Female,Sylhet,Domestic worker/employer,Lured/deceived,Rescued/Recovered,6-9,2,0
C0135,2024,2,4,Male,Dhaka,Relative,Taken from home,Deceased,0-5,3,1
C0136,2024,1,6,Female,Sylhet,Neighbor,Lured/deceived,Rescued/Recovered,6-9,2,0
C0137,2025,1,10,Female,Dhaka,Stranger,Lured/deceived,Rescued/Recovered,10-13,0,0
C0138,2026,6,12,Female,Chattogram,Relative,Trafficking suspected,Rescued/Recovered,10-13,1,0
C0139,2024,9,15,Female,Dhaka,Neighbor,Lured/deceived,Rescued/Recovered,14-17,0,0
C0140,2024,1,17,Female,Dhaka,Neighbor,Trafficking suspected,Still missing,14-17,1,1
C0141,2026,7,10,Female,Sylhet,Family friend/acquaintance,Trafficking suspected,Rescued/Recovered,10-13,2,0
C0142,2026,9,6,Female,Dhaka,Stranger,Lured/deceived,Rescued/Recovered,6-9,0,0
C0143,2026,3,2,Female,Dhaka,Neighbor,Taken from public place,Rescued/Recovered,0-5,1,0
C0144,2024,3,10,Male,Dhaka,Domestic worker/employer,Taken from public place,Rescued/Recovered,10-13,3,0
C0145,2025,10,6,Female,Khulna,Stranger,Taken from public place,Still missing,6-9,1,1
C0146,2024,9,8,Male,Barishal,Stranger,Lured/deceived,Still missing,6-9,3,1
C0147,2024,6,7,Female,Mymensingh,Neighbor,Lured/deceived,Rescued/Recovered,6-9,0,0
C0148,2025,9,9,Female,Dhaka,Neighbor,Lured/deceived,Rescued/Recovered,6-9,0,0
C0149,2025,2,12,Female,Chattogram,Stranger,Taken from public place,Rescued/Recovered,10-13,1,0
C0150,2025,6,10,Female,Dhaka,Relative,Trafficking suspected,Rescued/Recovered,10-13,1,0
C0151,2026,8,8,Female,Chattogram,Family friend/acquaintance,Taken from public place,Rescued/Recovered,6-9,1,0
C0152,2025,5,6,Female,Mymensingh,Stranger,Taken from public place,Rescued/Recovered,6-9,1,0
C0153,2025,8,4,Female,Khulna,Neighbor,Trafficking suspected,Rescued/Recovered,0-5,1,0
C0154,2026,6,7,Female,Chattogram,Stranger,Taken from public place,Rescued/Recovered,6-9,1,0
C0155,2026,8,9,Female,Dhaka,Domestic worker/employer,Lured/deceived,Rescued/Recovered,6-9,0,0
C0156,2025,6,15,Female,Rangpur,Stranger,Ransom abduction,Rescued/Recovered,14-17,2,0
C0157,2025,6,9,Male,Chattogram,Relative,Taken from home,Still missing,6-9,3,1
C0158,2025,4,12,Female,Dhaka,Stranger,Lured/deceived,Still missing,10-13,0,1
C0159,2024,4,7,Male,Dhaka,Family friend/acquaintance,Taken from home,Rescued/Recovered,6-9,3,0
C0160,2026,8,5,Male,Dhaka,Stranger,Trafficking suspected,Still missing,0-5,3,1
C0161,2024,2,6,Male,Dhaka,Stranger,Lured/deceived,Still missing,6-9,3,1
C0162,2025,2,7,Male,Dhaka,Stranger,Taken from home,Rescued/Recovered,6-9,3,0
C0163,2025,3,16,Female,Chattogram,Neighbor,Lured/deceived,Rescued/Recovered,14-17,0,0
C0164,2024,3,6,Female,Rajshahi,Neighbor,Lured/deceived,Rescued/Recovered,6-9,2,0
C0165,2024,9,12,Female,Dhaka,Neighbor,Lured/deceived,Still missing,10-13,0,1
C0166,2025,6,6,Male,Chattogram,Relative,Taken from public place,Rescued/Recovered,6-9,3,0
C0167,2026,12,12,Female,Mymensingh,Relative,Ransom abduction,Rescued/Recovered,10-13,0,0
C0168,2026,3,10,Female,Khulna,Family friend/acquaintance,Lured/deceived,Rescued/Recovered,10-13,0,0
C0169,2025,7,8,Male,Chattogram,Relative,Lured/deceived,Rescued/Recovered,6-9,3,0
C0170,2024,6,9,Female,Dhaka,Stranger,Lured/deceived,Deceased,6-9,0,1
C0171,2026,6,7,Female,Rangpur,Domestic worker/employer,Lured/deceived,Rescued/Recovered,6-9,2,0
C0172,2024,10,10,Male,Dhaka,Neighbor,Taken from public place,Still missing,10-13,3,1
C0173,2025,12,8,Female,Dhaka,Stranger,Taken from public place,Deceased,6-9,1,1
C0174,2026,10,5,Female,Rangpur,Family friend/acquaintance,Taken from public place,Still missing,0-5,2,1
C0175,2025,4,5,Male,Chattogram,Family friend/acquaintance,Taken from home,Rescued/Recovered,0-5,3,0
C0176,2025,4,10,Female,Khulna,Neighbor,Taken from public place,Still missing,10-13,1,1
C0177,2024,7,14,Female,Chattogram,Stranger,Lured/deceived,Rescued/Recovered,14-17,0,0
C0178,2024,5,10,Female,Rajshahi,Domestic worker/employer,Lured/deceived,Rescued/Recovered,10-13,2,0
C0179,2025,8,9,Male,Dhaka,Stranger,Trafficking suspected,Still missing,6-9,3,1
C0180,2026,6,10,Female,Dhaka,Domestic worker/employer,Ransom abduction,Still missing,10-13,0,1
C0181,2024,6,13,Male,Dhaka,Domestic worker/employer,Trafficking suspected,Rescued/Recovered,10-13,3,0
C0182,2025,9,10,Male,Dhaka,Relative,Trafficking suspected,Rescued/Recovered,10-13,3,0
C0183,2026,8,8,Female,Sylhet,Family friend/acquaintance,Taken from public place,Still missing,6-9,2,1
C0184,2024,1,13,Female,Dhaka,Relative,Trafficking suspected,Still missing,10-13,1,1
C0185,2024,1,10,Female,Chattogram,Domestic worker/employer,Taken from home,Rescued/Recovered,10-13,1,0
C0186,2025,6,14,Male,Barishal,Neighbor,Lured/deceived,Still missing,14-17,3,1
C0187,2026,6,10,Female,Barishal,Relative,Lured/deceived,Rescued/Recovered,10-13,0,0
C0188,2025,5,5,Female,Chattogram,Stranger,Lured/deceived,Rescued/Recovered,0-5,0,0
C0189,2026,6,5,Female,Chattogram,Neighbor,Lured/deceived,Rescued/Recovered,0-5,0,0
C0190,2026,8,14,Male,Mymensingh,Stranger,Taken from home,Deceased,14-17,3,1
C0191,2026,9,15,Female,Rajshahi,Relative,Taken from public place,Rescued/Recovered,14-17,2,0
C0192,2026,6,8,Male,Barishal,Domestic worker/employer,Ransom abduction,Rescued/Recovered,6-9,3,0
C0193,2026,6,8,Female,Rangpur,Stranger,Taken from public place,Rescued/Recovered,6-9,2,0
C0194,2026,5,14,Male,Barishal,Relative,Lured/deceived,Still missing,14-17,3,1
C0195,2026,6,5,Female,Dhaka,Stranger,Ransom abduction,Rescued/Recovered,0-5,0,0
C0196,2026,5,6,Female,Chattogram,Relative,Taken from home,Rescued/Recovered,6-9,1,0
C0197,2026,6,11,Male,Dhaka,Family friend/acquaintance,Lured/deceived,Deceased,10-13,3,1
C0198,2026,7,8,Male,Rajshahi,Family friend/acquaintance,Lured/deceived,Rescued/Recovered,6-9,3,0
C0199,2025,2,9,Female,Mymensingh,Stranger,Taken from home,Rescued/Recovered,6-9,1,0
C0200,2026,1,8,Female,Chattogram,Neighbor,Lured/deceived,Rescued/Recovered,6-9,0,0
C0201,2025,4,10,Female,Chattogram,Neighbor,Ransom abduction,Still missing,10-13,0,1
C0202,2026,11,14,Female,Dhaka,Stranger,Ransom abduction,Rescued/Recovered,14-17,0,0
C0203,2025,7,9,Female,Mymensingh,Family friend/acquaintance,Taken from public place,Rescued/Recovered,6-9,1,0
C0204,2026,3,11,Male,Dhaka,Relative,Lured/deceived,Rescued/Recovered,10-13,3,0
C0205,2026,11,2,Female,Dhaka,Neighbor,Ransom abduction,Still missing,0-5,0,1
C0206,2026,6,9,Male,Dhaka,Relative,Taken from public place,Still missing,6-9,3,1
C0207,2024,6,6,Female,Dhaka,Stranger,Lured/deceived,Rescued/Recovered,6-9,0,0
C0208,2026,11,5,Female,Chattogram,Neighbor,Taken from public place,Rescued/Recovered,0-5,1,0
C0209,2026,1,6,Male,Chattogram,Relative,Taken from home,Still missing,6-9,3,1
C0210,2026,4,8,Female,Dhaka,Domestic worker/employer,Taken from home,Rescued/Recovered,6-9,1,0
C0211,2026,6,12,Male,Dhaka,Neighbor,Lured/deceived,Rescued/Recovered,10-13,3,0
C0212,2025,4,5,Female,Dhaka,Stranger,Taken from home,Rescued/Recovered,0-5,1,0
C0213,2025,7,9,Male,Dhaka,Neighbor,Lured/deceived,Rescued/Recovered,6-9,3,0
C0214,2024,4,7,Male,Dhaka,Stranger,Lured/deceived,Rescued/Recovered,6-9,3,0
C0215,2026,2,8,Male,Khulna,Stranger,Lured/deceived,Rescued/Recovered,6-9,3,0
C0216,2025,4,12,Female,Dhaka,Stranger,Trafficking suspected,Rescued/Recovered,10-13,1,0
C0217,2026,6,11,Female,Dhaka,Neighbor,Lured/deceived,Rescued/Recovered,10-13,0,0
C0218,2026,3,13,Female,Dhaka,Family friend/acquaintance,Taken from home,Still missing,10-13,1,1
C0219,2025,3,9,Female,Chattogram,Stranger,Taken from home,Rescued/Recovered,6-9,1,0
C0220,2024,10,7,Female,Dhaka,Neighbor,Ransom abduction,Rescued/Recovered,6-9,0,0
C0221,2024,5,8,Female,Dhaka,Neighbor,Taken from public place,Still missing,6-9,1,1
C0222,2026,6,10,Female,Sylhet,Neighbor,Trafficking suspected,Rescued/Recovered,10-13,2,0
C0223,2025,1,10,Female,Dhaka,Domestic worker/employer,Lured/deceived,Still missing,10-13,0,1
C0224,2024,6,6,Female,Chattogram,Stranger,Lured/deceived,Rescued/Recovered,6-9,0,0
C0225,2026,5,9,Female,Chattogram,Family friend/acquaintance,Taken from public place,Still missing,6-9,1,1
C0226,2025,7,10,Female,Dhaka,Stranger,Taken from home,Rescued/Recovered,10-13,1,0
C0227,2026,4,17,Male,Chattogram,Family friend/acquaintance,Ransom abduction,Rescued/Recovered,14-17,3,0
C0228,2025,10,15,Female,Barishal,Relative,Ransom abduction,Rescued/Recovered,14-17,0,0
C0229,2024,11,6,Female,Sylhet,Relative,Taken from home,Rescued/Recovered,6-9,2,0
C0230,2024,2,8,Female,Dhaka,Family friend/acquaintance,Trafficking suspected,Rescued/Recovered,6-9,1,0
C0231,2025,2,4,Male,Dhaka,Neighbor,Taken from public place,Still missing,0-5,3,1
C0232,2025,2,7,Female,Dhaka,Stranger,Lured/deceived,Still missing,6-9,0,1
C0233,2026,7,10,Female,Chattogram,Stranger,Taken from home,Rescued/Recovered,10-13,1,0
C0234,2025,3,13,Male,Rajshahi,Relative,Lured/deceived,Still missing,10-13,2,1
C0235,2025,10,7,Female,Dhaka,Family friend/acquaintance,Ransom abduction,Still missing,6-9,0,1
C0236,2025,8,7,Male,Dhaka,Neighbor,Lured/deceived,Still missing,6-9,3,1
C0237,2025,9,2,Male,Rangpur,Domestic worker/employer,Lured/deceived,Still missing,0-5,2,1
C0238,2026,6,8,Female,Dhaka,Domestic worker/employer,Taken from public place,Rescued/Recovered,6-9,1,0
C0239,2024,12,6,Female,Chattogram,Domestic worker/employer,Lured/deceived,Rescued/Recovered,6-9,0,0
C0240,2026,1,7,Male,Khulna,Relative,Lured/deceived,Rescued/Recovered,6-9,3,0
C0241,2025,6,6,Male,Dhaka,Neighbor,Taken from public place,Deceased,6-9,3,1
C0242,2024,5,9,Female,Dhaka,Neighbor,Lured/deceived,Rescued/Recovered,6-9,0,0
C0243,2024,11,3,Female,Dhaka,Neighbor,Taken from home,Rescued/Recovered,0-5,0,0
C0244,2024,6,4,Female,Rangpur,Neighbor,Taken from home,Rescued/Recovered,0-5,2,0
C0245,2026,9,16,Female,Dhaka,Neighbor,Lured/deceived,Deceased,14-17,0,1
C0246,2025,3,5,Male,Dhaka,Domestic worker/employer,Lured/deceived,Rescued/Recovered,0-5,3,0
C0247,2025,12,5,Female,Dhaka,Neighbor,Ransom abduction,Rescued/Recovered,0-5,0,0
C0248,2026,6,15,Male,Dhaka,Neighbor,Trafficking suspected,Still missing,14-17,3,1
C0249,2026,6,17,Male,Rajshahi,Stranger,Lured/deceived,Deceased,14-17,2,1
C0250,2026,12,5,Male,Dhaka,Family friend/acquaintance,Trafficking suspected,Rescued/Recovered,0-5,3,0
C0251,2026,6,8,Female,Chattogram,Stranger,Taken from public place,Still missing,6-9,1,1
C0252,2026,6,10,Male,Chattogram,Family friend/acquaintance,Taken from public place,Still missing,10-13,3,1
C0253,2026,6,15,Male,Sylhet,Stranger,Taken from public place,Rescued/Recovered,14-17,2,0
C0254,2026,3,6,Male,Dhaka,Family friend/acquaintance,Taken from public place,Still missing,6-9,3,1
C0255,2025,5,8,Female,Sylhet,Family friend/acquaintance,Ransom abduction,Rescued/Recovered,6-9,2,0
C0256,2026,4,11,Female,Rajshahi,Stranger,Taken from home,Rescued/Recovered,10-13,2,0
C0257,2024,2,10,Female,Dhaka,Relative,Taken from public place,Rescued/Recovered,10-13,1,0
C0258,2026,10,8,Male,Barishal,Relative,Taken from home,Rescued/Recovered,6-9,3,0
C0259,2026,6,9,Male,Sylhet,Relative,Lured/deceived,Rescued/Recovered,6-9,2,0
C0260,2024,6,5,Female,Dhaka,Neighbor,Taken from public place,Rescued/Recovered,0-5,1,0
C0261,2026,6,8,Female,Rangpur,Stranger,Lured/deceived,Rescued/Recovered,6-9,2,0
C0262,2026,6,8,Female,Chattogram,Neighbor,Lured/deceived,Rescued/Recovered,6-9,0,0
C0263,2024,7,10,Male,Rajshahi,Neighbor,Lured/deceived,Rescued/Recovered,10-13,3,0
C0264,2025,11,7,Female,Mymensingh,Neighbor,Lured/deceived,Rescued/Recovered,6-9,0,0
C0265,2026,11,11,Female,Dhaka,Stranger,Taken from public place,Still missing,10-13,1,1
C0266,2026,6,12,Male,Barishal,Relative,Taken from public place,Still missing,10-13,3,1
C0267,2024,5,9,Male,Dhaka,Family friend/acquaintance,Taken from home,Rescued/Recovered,6-9,3,0
C0268,2025,6,10,Female,Barishal,Stranger,Lured/deceived,Deceased,10-13,0,1
C0269,2026,6,9,Female,Rajshahi,Neighbor,Taken from home,Rescued/Recovered,6-9,2,0
C0270,2024,6,9,Male,Dhaka,Stranger,Taken from home,Still missing,6-9,3,1
C0271,2025,7,7,Male,Chattogram,Relative,Taken from public place,Rescued/Recovered,6-9,3,0
C0272,2024,6,10,Female,Dhaka,Neighbor,Taken from public place,Still missing,10-13,1,1
C0273,2024,5,9,Female,Dhaka,Family friend/acquaintance,Taken from home,Deceased,6-9,1,1
C0274,2025,6,16,Female,Dhaka,Domestic worker/employer,Taken from home,Still missing,14-17,1,1
C0275,2026,6,14,Female,Dhaka,Neighbor,Trafficking suspected,Rescued/Recovered,14-17,1,0
C0276,2026,2,10,Male,Dhaka,Family friend/acquaintance,Ransom abduction,Rescued/Recovered,10-13,3,0
C0277,2026,3,7,Female,Dhaka,Neighbor,Taken from home,Rescued/Recovered,6-9,1,0
C0278,2025,8,5,Female,Khulna,Family friend/acquaintance,Taken from home,Rescued/Recovered,0-5,1,0
C0279,2025,6,13,Male,Khulna,Family friend/acquaintance,Lured/deceived,Still missing,10-13,3,1
C0280,2024,4,10,Male,Khulna,Family friend/acquaintance,Trafficking suspected,Deceased,10-13,3,1
C0281,2024,6,11,Male,Dhaka,Family friend/acquaintance,Lured/deceived,Rescued/Recovered,10-13,3,0
C0282,2025,8,3,Female,Rangpur,Neighbor,Lured/deceived,Rescued/Recovered,0-5,2,0
C0283,2024,5,12,Female,Chattogram,Family friend/acquaintance,Trafficking suspected,Rescued/Recovered,10-13,1,0
C0284,2024,9,10,Female,Dhaka,Family friend/acquaintance,Taken from public place,Rescued/Recovered,10-13,1,0
C0285,2024,11,5,Female,Dhaka,Family friend/acquaintance,Lured/deceived,Rescued/Recovered,0-5,0,0
C0286,2026,6,7,Female,Khulna,Neighbor,Lured/deceived,Rescued/Recovered,6-9,0,0
C0287,2026,7,10,Female,Dhaka,Relative,Lured/deceived,Still missing,10-13,0,1
C0288,2026,1,9,Female,Chattogram,Relative,Taken from public place,Rescued/Recovered,6-9,1,0
C0289,2026,11,8,Male,Mymensingh,Neighbor,Lured/deceived,Rescued/Recovered,6-9,3,0
C0290,2025,6,9,Male,Dhaka,Neighbor,Trafficking suspected,Rescued/Recovered,6-9,3,0
C0291,2024,11,8,Female,Dhaka,Relative,Trafficking suspected,Still missing,6-9,1,1
C0292,2025,6,9,Female,Mymensingh,Stranger,Taken from public place,Still missing,6-9,1,1
C0293,2024,1,14,Female,Chattogram,Neighbor,Taken from public place,Rescued/Recovered,14-17,1,0
C0294,2025,1,1,Female,Dhaka,Stranger,Lured/deceived,Rescued/Recovered,0-5,0,0
C0295,2025,7,8,Female,Rangpur,Family friend/acquaintance,Lured/deceived,Rescued/Recovered,6-9,2,0
C0296,2025,6,10,Female,Sylhet,Stranger,Taken from public place,Rescued/Recovered,10-13,2,0
C0297,2025,1,10,Male,Chattogram,Relative,Lured/deceived,Rescued/Recovered,10-13,3,0
C0298,2026,8,8,Female,Rajshahi,Relative,Lured/deceived,Rescued/Recovered,6-9,2,0
C0299,2026,10,3,Male,Dhaka,Family friend/acquaintance,Lured/deceived,Deceased,0-5,3,1
C0300,2026,6,10,Female,Dhaka,Domestic worker/employer,Lured/deceived,Rescued/Recovered,10-13,0,0
C0301,2026,6,15,Female,Chattogram,Relative,Taken from home,Rescued/Recovered,14-17,1,0
C0302,2025,1,4,Female,Dhaka,Family friend/acquaintance,Taken from public place,Rescued/Recovered,0-5,1,0
C0303,2024,9,12,Female,Rajshahi,Family friend/acquaintance,Ransom abduction,Deceased,10-13,2,1
C0304,2026,6,8,Female,Sylhet,Stranger,Taken from public place,Deceased,6-9,2,1
C0305,2025,10,9,Male,Dhaka,Neighbor,Ransom abduction,Still missing,6-9,3,1
C0306,2025,6,6,Female,Chattogram,Relative,Taken from home,Rescued/Recovered,6-9,1,0
C0307,2025,6,8,Female,Dhaka,Relative,Ransom abduction,Rescued/Recovered,6-9,0,0
C0308,2026,5,13,Female,Sylhet,Domestic worker/employer,Taken from home,Still missing,10-13,2,1
C0309,2026,3,11,Female,Dhaka,Relative,Lured/deceived,Still missing,10-13,0,1
C0310,2025,9,15,Female,Rajshahi,Relative,Trafficking suspected,Rescued/Recovered,14-17,2,0
C0311,2026,6,13,Female,Chattogram,Domestic worker/employer,Lured/deceived,Rescued/Recovered,10-13,0,0
C0312,2025,6,10,Male,Dhaka,Relative,Lured/deceived,Rescued/Recovered,10-13,3,0
C0313,2025,12,15,Female,Rajshahi,Neighbor,Lured/deceived,Still missing,14-17,0,1
C0314,2025,12,10,Female,Khulna,Neighbor,Taken from home,Still missing,10-13,0,1
C0315,2025,10,12,Male,Chattogram,Neighbor,Taken from home,Rescued/Recovered,10-13,3,0
C0316,2026,4,8,Male,Khulna,Neighbor,Taken from public place,Rescued/Recovered,6-9,3,0
C0317,2024,6,9,Female,Mymensingh,Relative,Ransom abduction,Rescued/Recovered,6-9,0,0
C0318,2026,10,7,Female,Chattogram,Stranger,Lured/deceived,Rescued/Recovered,6-9,0,0
C0319,2025,6,12,Female,Chattogram,Stranger,Taken from public place,Rescued/Recovered,10-13,1,0
C0320,2026,2,5,Female,Dhaka,Neighbor,Taken from home,Still missing,0-5,1,1
C0321,2026,9,12,Female,Barishal,Family friend/acquaintance,Ransom abduction,Rescued/Recovered,10-13,0,0
C0322,2026,6,8,Male,Chattogram,Neighbor,Lured/deceived,Rescued/Recovered,6-9,3,0
C0323,2026,6,13,Female,Chattogram,Domestic worker/employer,Lured/deceived,Rescued/Recovered,10-13,0,0
C0324,2026,12,11,Male,Dhaka,Neighbor,Taken from home,Rescued/Recovered,10-13,3,0
C0325,2025,6,15,Female,Sylhet,Family friend/acquaintance,Taken from public place,Rescued/Recovered,14-17,2,0
C0326,2026,6,11,Male,Dhaka,Relative,Ransom abduction,Rescued/Recovered,10-13,3,0
C0327,2026,6,4,Male,Rajshahi,Family friend/acquaintance,Taken from public place,Rescued/Recovered,0-5,3,0
C0328,2024,6,9,Female,Dhaka,Relative,Ransom abduction,Still missing,6-9,0,1
C0329,2025,2,5,Female,Mymensingh,Stranger,Taken from home,Rescued/Recovered,0-5,1,0
C0330,2025,9,7,Female,Dhaka,Neighbor,Lured/deceived,Rescued/Recovered,6-9,0,0
C0331,2025,10,14,Male,Dhaka,Domestic worker/employer,Lured/deceived,Rescued/Recovered,14-17,3,0
C0332,2025,5,11,Female,Sylhet,Relative,Lured/deceived,Still missing,10-13,2,1
C0333,2025,5,7,Female,Rangpur,Stranger,Taken from home,Rescued/Recovered,6-9,2,0
C0334,2026,10,6,Female,Dhaka,Stranger,Taken from home,Still missing,6-9,0,1
C0335,2024,1,9,Male,Chattogram,Domestic worker/employer,Taken from home,Deceased,6-9,3,1
C0336,2026,6,5,Female,Khulna,Neighbor,Taken from public place,Rescued/Recovered,0-5,1,0
C0337,2025,6,7,Female,Sylhet,Neighbor,Taken from home,Rescued/Recovered,6-9,2,0
C0338,2026,7,10,Male,Dhaka,Neighbor,Taken from public place,Still missing,10-13,3,1
C0339,2024,3,13,Female,Chattogram,Neighbor,Taken from public place,Rescued/Recovered,10-13,1,0
C0340,2025,7,11,Male,Khulna,Family friend/acquaintance,Lured/deceived,Rescued/Recovered,10-13,3,0
C0341,2024,6,2,Female,Khulna,Domestic worker/employer,Taken from home,Rescued/Recovered,0-5,1,0
C0342,2026,7,10,Female,Barishal,Domestic worker/employer,Taken from public place,Rescued/Recovered,10-13,1,0
C0343,2025,1,9,Male,Chattogram,Family friend/acquaintance,Taken from public place,Rescued/Recovered,6-9,3,0
C0344,2026,6,10,Male,Dhaka,Family friend/acquaintance,Lured/deceived,Rescued/Recovered,10-13,3,0
C0345,2025,6,14,Male,Rangpur,Stranger,Taken from home,Rescued/Recovered,14-17,2,0
C0346,2025,4,2,Female,Sylhet,Domestic worker/employer,Taken from public place,Rescued/Recovered,0-5,2,0
C0347,2025,3,7,Female,Barishal,Neighbor,Taken from public place,Rescued/Recovered,6-9,1,0
C0348,2026,4,11,Female,Dhaka,Family friend/acquaintance,Lured/deceived,Deceased,10-13,0,1
C0349,2025,6,4,Female,Dhaka,Stranger,Taken from home,Rescued/Recovered,0-5,1,0
C0350,2025,2,14,Female,Khulna,Relative,Ransom abduction,Rescued/Recovered,14-17,0,0
C0351,2024,11,10,Female,Dhaka,Relative,Lured/deceived,Rescued/Recovered,10-13,0,0
C0352,2024,6,12,Female,Mymensingh,Domestic worker/employer,Ransom abduction,Rescued/Recovered,10-13,2,0
C0353,2024,9,7,Female,Dhaka,Domestic worker/employer,Lured/deceived,Rescued/Recovered,6-9,0,0
C0354,2026,12,12,Female,Khulna,Domestic worker/employer,Taken from home,Rescued/Recovered,10-13,0,0
C0355,2025,2,12,Female,Sylhet,Stranger,Taken from home,Rescued/Recovered,10-13,2,0
C0356,2024,7,10,Male,Dhaka,Neighbor,Lured/deceived,Rescued/Recovered,10-13,3,0
C0357,2026,10,10,Female,Dhaka,Relative,Trafficking suspected,Rescued/Recovered,10-13,1,0
C0358,2024,7,10,Female,Rajshahi,Family friend/acquaintance,Taken from home,Rescued/Recovered,10-13,2,0
C0359,2025,6,6,Male,Chattogram,Family friend/acquaintance,Trafficking suspected,Rescued/Recovered,6-9,3,0
C0360,2026,6,9,Male,Chattogram,Relative,Lured/deceived,Rescued/Recovered,6-9,3,0
C0361,2026,1,9,Female,Rajshahi,Family friend/acquaintance,Ransom abduction,Rescued/Recovered,6-9,2,0
C0362,2026,6,10,Female,Rangpur,Relative,Trafficking suspected,Rescued/Recovered,10-13,2,0
C0363,2025,12,12,Female,Chattogram,Stranger,Taken from public place,Rescued/Recovered,10-13,1,0
C0364,2026,12,6,Female,Dhaka,Relative,Lured/deceived,Rescued/Recovered,6-9,0,0
C0365,2024,1,9,Male,Dhaka,Relative,Taken from public place,Rescued/Recovered,6-9,3,0
C0366,2026,8,14,Male,Dhaka,Neighbor,Taken from public place,Rescued/Recovered,14-17,3,0
C0367,2026,5,7,Female,Dhaka,Neighbor,Trafficking suspected,Deceased,6-9,1,1
C0368,2026,11,6,Male,Dhaka,Stranger,Taken from home,Rescued/Recovered,6-9,3,0
C0369,2025,1,10,Female,Rajshahi,Relative,Lured/deceived,Rescued/Recovered,10-13,2,0
C0370,2024,11,12,Female,Dhaka,Neighbor,Lured/deceived,Rescued/Recovered,10-13,0,0
C0371,2026,10,9,Male,Mymensingh,Stranger,Taken from public place,Deceased,6-9,3,1
C0372,2025,2,13,Female,Dhaka,Family friend/acquaintance,Trafficking suspected,Rescued/Recovered,10-13,1,0
C0373,2025,1,12,Female,Dhaka,Neighbor,Lured/deceived,Rescued/Recovered,10-13,0,0
C0374,2026,10,12,Female,Khulna,Relative,Ransom abduction,Deceased,10-13,0,1
C0375,2026,3,11,Male,Sylhet,Neighbor,Trafficking suspected,Rescued/Recovered,10-13,2,0
C0376,2025,6,16,Female,Dhaka,Family friend/acquaintance,Lured/deceived,Deceased,14-17,0,1
C0377,2025,11,8,Female,Dhaka,Neighbor,Lured/deceived,Rescued/Recovered,6-9,0,0
C0378,2024,6,3,Female,Dhaka,Neighbor,Taken from public place,Rescued/Recovered,0-5,1,0
C0379,2024,6,14,Female,Chattogram,Neighbor,Taken from public place,Rescued/Recovered,14-17,1,0
C0380,2024,6,8,Female,Chattogram,Family friend/acquaintance,Lured/deceived,Rescued/Recovered,6-9,0,0
C0381,2026,2,9,Male,Dhaka,Neighbor,Ransom abduction,Deceased,6-9,3,1
C0382,2026,12,13,Male,Dhaka,Stranger,Taken from public place,Rescued/Recovered,10-13,3,0
C0383,2025,5,4,Male,Chattogram,Neighbor,Trafficking suspected,Deceased,0-5,3,1
C0384,2025,4,5,Male,Mymensingh,Family friend/acquaintance,Ransom abduction,Rescued/Recovered,0-5,3,0
C0385,2026,5,4,Female,Rajshahi,Relative,Ransom abduction,Rescued/Recovered,0-5,2,0
C0386,2026,12,6,Female,Chattogram,Relative,Taken from home,Deceased,6-9,0,1
C0387,2026,2,10,Female,Dhaka,Neighbor,Lured/deceived,Rescued/Recovered,10-13,0,0
C0388,2025,10,11,Female,Dhaka,Stranger,Taken from home,Deceased,10-13,0,1
C0389,2026,8,10,Male,Dhaka,Stranger,Lured/deceived,Rescued/Recovered,10-13,3,0
C0390,2025,10,4,Male,Khulna,Neighbor,Taken from public place,Still missing,0-5,3,1
C0391,2025,12,2,Male,Sylhet,Neighbor,Lured/deceived,Rescued/Recovered,0-5,2,0
C0392,2026,10,9,Female,Rangpur,Domestic worker/employer,Taken from home,Rescued/Recovered,6-9,2,0
C0393,2025,11,7,Female,Mymensingh,Family friend/acquaintance,Lured/deceived,Rescued/Recovered,6-9,0,0
C0394,2025,3,10,Female,Mymensingh,Neighbor,Lured/deceived,Rescued/Recovered,10-13,0,0
C0395,2025,9,11,Female,Mymensingh,Neighbor,Lured/deceived,Rescued/Recovered,10-13,0,0
C0396,2025,6,9,Female,Dhaka,Family friend/acquaintance,Taken from public place,Rescued/Recovered,6-9,1,0
C0397,2025,6,11,Female,Dhaka,Stranger,Ransom abduction,Still missing,10-13,0,1
C0398,2026,11,10,Female,Dhaka,Family friend/acquaintance,Lured/deceived,Rescued/Recovered,10-13,0,0
C0399,2025,12,11,Male,Chattogram,Domestic worker/employer,Ransom abduction,Still missing,10-13,3,1
C0400,2024,8,7,Female,Dhaka,Relative,Ransom abduction,Deceased,6-9,0,1
C0401,2026,6,8,Female,Sylhet,Relative,Taken from home,Rescued/Recovered,6-9,2,0
C0402,2025,6,10,Male,Rajshahi,Relative,Taken from public place,Rescued/Recovered,10-13,3,0
C0403,2026,6,12,Female,Chattogram,Relative,Taken from home,Rescued/Recovered,10-13,1,0
C0404,2024,6,8,Male,Dhaka,Neighbor,Lured/deceived,Rescued/Recovered,6-9,3,0
C0405,2025,6,11,Male,Dhaka,Neighbor,Taken from public place,Rescued/Recovered,10-13,3,0
C0406,2025,2,8,Female,Dhaka,Relative,Lured/deceived,Still missing,6-9,0,1
C0407,2026,2,9,Male,Sylhet,Stranger,Ransom abduction,Rescued/Recovered,6-9,2,0
C0408,2024,9,12,Male,Chattogram,Neighbor,Trafficking suspected,Rescued/Recovered,10-13,3,0
C0409,2026,6,3,Male,Khulna,Relative,Ransom abduction,Still missing,0-5,3,1
C0410,2025,11,5,Male,Dhaka,Family friend/acquaintance,Taken from public place,Rescued/Recovered,0-5,3,0
C0411,2025,7,4,Male,Dhaka,Family friend/acquaintance,Taken from public place,Rescued/Recovered,0-5,3,0
C0412,2025,1,2,Female,Chattogram,Stranger,Trafficking suspected,Rescued/Recovered,0-5,1,0
C0413,2024,3,7,Female,Khulna,Stranger,Lured/deceived,Still missing,6-9,0,1
C0414,2025,4,11,Male,Barishal,Stranger,Lured/deceived,Rescued/Recovered,10-13,3,0
C0415,2025,12,8,Male,Dhaka,Neighbor,Taken from public place,Rescued/Recovered,6-9,3,0
C0416,2025,4,10,Female,Rangpur,Relative,Taken from home,Rescued/Recovered,10-13,2,0
C0417,2026,6,12,Male,Dhaka,Family friend/acquaintance,Taken from home,Rescued/Recovered,10-13,3,0
C0418,2025,11,13,Female,Rangpur,Neighbor,Lured/deceived,Rescued/Recovered,10-13,2,0
C0419,2024,12,9,Male,Dhaka,Neighbor,Taken from public place,Rescued/Recovered,6-9,3,0
C0420,2024,4,13,Male,Dhaka,Neighbor,Lured/deceived,Deceased,10-13,3,1
C0421,2024,1,9,Female,Sylhet,Relative,Lured/deceived,Rescued/Recovered,6-9,2,0
C0422,2024,3,6,Female,Dhaka,Relative,Lured/deceived,Still missing,6-9,0,1
C0423,2026,2,7,Female,Chattogram,Neighbor,Taken from home,Rescued/Recovered,6-9,1,0
C0424,2024,4,4,Female,Chattogram,Stranger,Ransom abduction,Rescued/Recovered,0-5,0,0
C0425,2026,6,6,Female,Dhaka,Domestic worker/employer,Taken from home,Rescued/Recovered,6-9,1,0
C0426,2024,11,8,Female,Khulna,Neighbor,Taken from public place,Rescued/Recovered,6-9,1,0
C0427,2024,6,12,Female,Sylhet,Domestic worker/employer,Ransom abduction,Still missing,10-13,2,1
C0428,2026,7,15,Female,Sylhet,Neighbor,Taken from home,Deceased,14-17,2,1
C0429,2025,4,5,Female,Dhaka,Domestic worker/employer,Ransom abduction,Still missing,0-5,0,1
C0430,2025,9,10,Male,Chattogram,Domestic worker/employer,Taken from public place,Rescued/Recovered,10-13,3,0
C0431,2026,7,6,Male,Dhaka,Neighbor,Taken from public place,Still missing,6-9,3,1
C0432,2026,10,11,Male,Dhaka,Stranger,Lured/deceived,Rescued/Recovered,10-13,3,0
C0433,2026,11,9,Male,Dhaka,Domestic worker/employer,Lured/deceived,Deceased,6-9,3,1
C0434,2024,6,3,Male,Rangpur,Domestic worker/employer,Trafficking suspected,Rescued/Recovered,0-5,2,0
C0435,2025,2,12,Female,Sylhet,Domestic worker/employer,Ransom abduction,Rescued/Recovered,10-13,2,0
C0436,2026,4,7,Female,Barishal,Family friend/acquaintance,Trafficking suspected,Rescued/Recovered,6-9,1,0
C0437,2026,6,7,Female,Chattogram,Neighbor,Trafficking suspected,Rescued/Recovered,6-9,1,0
C0438,2024,11,6,Female,Chattogram,Stranger,Lured/deceived,Rescued/Recovered,6-9,0,0
C0439,2025,6,7,Female,Chattogram,Family friend/acquaintance,Ransom abduction,Deceased,6-9,0,1
C0440,2025,9,10,Male,Chattogram,Family friend/acquaintance,Taken from home,Still missing,10-13,3,1
C0441,2024,6,8,Male,Chattogram,Relative,Ransom abduction,Deceased,6-9,3,1
C0442,2026,4,10,Female,Dhaka,Family friend/acquaintance,Lured/deceived,Rescued/Recovered,10-13,0,0
C0443,2025,5,10,Female,Dhaka,Neighbor,Lured/deceived,Rescued/Recovered,10-13,0,0
C0444,2025,7,13,Female,Mymensingh,Stranger,Ransom abduction,Rescued/Recovered,10-13,0,0
C0445,2024,7,8,Male,Chattogram,Neighbor,Ransom abduction,Rescued/Recovered,6-9,3,0
C0446,2025,6,4,Male,Mymensingh,Stranger,Taken from public place,Rescued/Recovered,0-5,3,0
C0447,2024,4,12,Female,Dhaka,Stranger,Lured/deceived,Rescued/Recovered,10-13,0,0
C0448,2025,8,8,Female,Chattogram,Relative,Lured/deceived,Rescued/Recovered,6-9,0,0
C0449,2024,3,13,Female,Dhaka,Relative,Trafficking suspected,Rescued/Recovered,10-13,1,0
C0450,2026,11,10,Female,Dhaka,Relative,Taken from home,Rescued/Recovered,10-13,0,0
C0451,2024,4,9,Male,Dhaka,Domestic worker/employer,Taken from home,Rescued/Recovered,6-9,3,0
C0452,2025,2,10,Male,Dhaka,Stranger,Taken from public place,Rescued/Recovered,10-13,3,0
C0453,2024,6,15,Female,Rangpur,Relative,Taken from home,Deceased,14-17,2,1
C0454,2024,6,16,Female,Dhaka,Neighbor,Taken from public place,Rescued/Recovered,14-17,1,0
C0455,2024,6,9,Female,Rajshahi,Neighbor,Taken from home,Still missing,6-9,2,1
C0456,2024,6,10,Female,Chattogram,Relative,Ransom abduction,Rescued/Recovered,10-13,0,0
C0457,2024,12,12,Female,Chattogram,Domestic worker/employer,Trafficking suspected,Still missing,10-13,1,1
C0458,2025,6,6,Female,Chattogram,Stranger,Trafficking suspected,Still missing,6-9,1,1
C0459,2026,6,10,Male,Dhaka,Neighbor,Taken from public place,Still missing,10-13,3,1
C0460,2024,6,9,Female,Mymensingh,Stranger,Taken from home,Rescued/Recovered,6-9,1,0
C0461,2025,2,10,Female,Barishal,Relative,Taken from public place,Rescued/Recovered,10-13,1,0
C0462,2025,6,6,Female,Khulna,Stranger,Ransom abduction,Rescued/Recovered,6-9,0,0
C0463,2024,4,4,Female,Chattogram,Neighbor,Taken from public place,Rescued/Recovered,0-5,1,0
C0464,2025,7,2,Male,Dhaka,Family friend/acquaintance,Taken from public place,Rescued/Recovered,0-5,3,0
C0465,2024,1,5,Female,Rangpur,Domestic worker/employer,Ransom abduction,Rescued/Recovered,0-5,2,0
C0466,2024,12,8,Male,Dhaka,Neighbor,Taken from public place,Rescued/Recovered,6-9,3,0
C0467,2025,6,8,Male,Dhaka,Family friend/acquaintance,Ransom abduction,Rescued/Recovered,6-9,3,0
C0468,2026,11,15,Female,Dhaka,Domestic worker/employer,Lured/deceived,Rescued/Recovered,14-17,0,0
C0469,2026,6,13,Female,Barishal,Neighbor,Taken from home,Rescued/Recovered,10-13,1,0
C0470,2026,2,6,Male,Rajshahi,Neighbor,Taken from public place,Still missing,6-9,3,1
C0471,2025,9,10,Female,Khulna,Family friend/acquaintance,Lured/deceived,Still missing,10-13,0,1
C0472,2024,7,8,Female,Barishal,Relative,Ransom abduction,Rescued/Recovered,6-9,0,0
C0473,2025,9,8,Male,Dhaka,Neighbor,Taken from public place,Rescued/Recovered,6-9,3,0
C0474,2024,6,10,Male,Rangpur,Relative,Lured/deceived,Rescued/Recovered,10-13,2,0
C0475,2024,7,11,Female,Chattogram,Stranger,Ransom abduction,Rescued/Recovered,10-13,0,0
C0476,2024,10,8,Female,Rajshahi,Neighbor,Taken from public place,Rescued/Recovered,6-9,2,0
C0477,2025,7,12,Female,Dhaka,Relative,Ransom abduction,Rescued/Recovered,10-13,0,0
C0478,2025,6,5,Male,Mymensingh,Stranger,Taken from home,Deceased,0-5,3,1
C0479,2024,7,9,Female,Dhaka,Family friend/acquaintance,Ransom abduction,Rescued/Recovered,6-9,0,0
C0480,2026,7,17,Female,Dhaka,Stranger,Taken from home,Still missing,14-17,1,1
C0481,2025,12,10,Male,Chattogram,Relative,Taken from public place,Rescued/Recovered,10-13,3,0
C0482,2026,6,14,Male,Dhaka,Domestic worker/employer,Lured/deceived,Rescued/Recovered,14-17,3,0
C0483,2024,6,9,Male,Dhaka,Family friend/acquaintance,Taken from public place,Still missing,6-9,3,1
C0484,2025,9,11,Female,Rajshahi,Neighbor,Taken from public place,Rescued/Recovered,10-13,2,0
C0485,2024,6,9,Female,Dhaka,Stranger,Taken from public place,Still missing,6-9,1,1
C0486,2025,8,8,Male,Rangpur,Relative,Taken from home,Rescued/Recovered,6-9,2,0
C0487,2024,6,7,Male,Dhaka,Neighbor,Ransom abduction,Rescued/Recovered,6-9,3,0
C0488,2024,4,10,Female,Khulna,Neighbor,Taken from public place,Rescued/Recovered,10-13,1,0
C0489,2026,8,6,Male,Chattogram,Family friend/acquaintance,Lured/deceived,Still missing,6-9,3,1
C0490,2025,3,11,Female,Rajshahi,Neighbor,Trafficking suspected,Rescued/Recovered,10-13,2,0
C0491,2024,4,12,Female,Chattogram,Neighbor,Taken from public place,Still missing,10-13,1,1
C0492,2026,7,10,Female,Chattogram,Neighbor,Trafficking suspected,Still missing,10-13,1,1
C0493,2024,8,8,Female,Mymensingh,Relative,Trafficking suspected,Still missing,6-9,1,1
C0494,2025,11,10,Female,Dhaka,Relative,Trafficking suspected,Rescued/Recovered,10-13,1,0
C0495,2025,5,8,Male,Dhaka,Family friend/acquaintance,Ransom abduction,Still missing,6-9,3,1
C0496,2025,2,12,Female,Rajshahi,Neighbor,Taken from public place,Deceased,10-13,2,1
C0497,2025,12,3,Female,Sylhet,Neighbor,Lured/deceived,Rescued/Recovered,0-5,2,0
C0498,2024,3,8,Female,Dhaka,Family friend/acquaintance,Taken from public place,Rescued/Recovered,6-9,1,0
C0499,2026,4,3,Female,Chattogram,Relative,Ransom abduction,Rescued/Recovered,0-5,0,0
C0500,2024,5,4,Female,Rangpur,Family friend/acquaintance,Taken from public place,Rescued/Recovered,0-5,2,0
